Abdun,عبدون
Abu Al 3zam,ابو العزم
Abu Alandah,ابو علندا
Abu As Salih,ابو الصالح
Abu Ash Shahm,ابو الشهم
Abu Az Zayt,ابو الزيات
Abu Gharah,ابو غارة
Abu Hammur,ابو حمور
Abu Nukhaylah,ابو نخيلة
Abu Shawkah,ابو شوكة
Abu Thuhur,ابو طهور
Ad Da3jaa,الدعجاء
Ad Da3janiyah,الدعجانية
Ad Dabab,الدباب
Ad Dabalik,الدبالك
Ad Dabbusah,الدبوسه
Ad Dahdah,الدحدح
Ad Daliyah,الدلية
Ad Dinariyah,الدينارية
Ad Dubay3iyah,الدبعية
Ad Durrah,الدرة
Ad Duwaykhilah,الدويخلة
Adh7 Dhubab,أدح دحباب
Afra,عفرا
Ail,ايل
Ajloun,عجلون
Al 3zziyah,العزيّة
Al Abbasiyah,العباسية
Al Adhmah,الادهمة
Al Aghwar Al Janoobiyah,الأغوار الجنوبية
Al Aghwar Al Shamalyah,الأغوار الشمالية
Al Amarah,العمرة
Al Amiriyah,العامرية
Al Aqabah,العقبة
Al Arda,العرضا
Al Areed,العريض
Al Aridah,العريضة
Al Arzah,الأرزة
Al Ashrafiyah,الشريفية
Al Awaynah,العوينة
Al Bad7iyah,البدحية
Al Badiah Al Shamaliyah Al Gharbiyah,البادية الشمالية الغربية
Al Badiah Al Shamaliyah,البادية الشمالية
Al Bahhath Ash Shamali,البحاط الشمالي
Al Bahr,البحر
Al Bakuli,البكولي
Al Barihah,البريحا
Al Batraa,البطراء
Al Birkatayn,البركتاين
Al Bunayyat Ash Shamaliyah,البنيات الشمالية
Al Buqaan,البقعين
Al Buqah,البقعة
Al Buqay3,البقاع
Al Buraij,البريج
Al Buraq,البراق
Al Butahi,البطاحي
Al Buwayb,البويب
Al Dhilail,الضليل
Al Dier,الدير
Al Faisaleyah,الفيصلية
Al Farsh,الفرش
Al Fawwarah,الفوارة
Al Fityan,الفتيان
Al Furayn,الفراين
Al Ghamr,الغمر
Al Habbabiyah,الحبابية
Al Haddadah,وادي الحدادة
Al Halq,الحلق
Al Hamiyah,الحمية
Al Hammah As Samraa,الحمة السمراء
Al Hanaaifah,الحنائفة
Al Hannanah,الحنّانة
Al Harawiyah,الحراويه
Al Harbaj,الحرباج
Al Hasa,الحسا
Al Hashimiya,الهاشمية
Al Hawayah,الحوية
Al Hawwasiyah,الحواسية
Al Hirsh,الحرش
Al Hittah,الحطة
Al Hudayb,الحديب
Al Hulaylah,الهليلة
Al Hulaylah,الهلايلة
Al Hummar,الحمر
Al Humrah,الحمرا
Al Husayniyya,الحسينية
Al Hushayrah,الحشابرة 
Al Ifranj,الافرنج
Al Iqtaniyah,الاقطانية
Al Jafr,الجفر
Al Jamiah,الجامعة
Al Jirm,الجرم
Al Jiza,الجيزة
Al Juththah,الجثة
Al Juwayyidah,الجويدة
Al Karak,الكرك
Al Karamah Extension,إمتداد الكرامة
Al Khaldyah,الخالدية
Al Kharshah,الكرشة
Al Khawarij,الخوارج
Al Khiss,ألخص
Al Khuraybah,الخريبة
Al Koura,الكوره
Al Kur,الكور
Al Kursi,الكرسي
Al Ma7zul,المحزول
Al Mabrak,المبارك
Al Madabah,المدبّة
Al Madashash,المدشاش
Al Madhbah,المدهبة
Al Madinah,المدينة
Al Madrasah,المدرسة
Al Mahattah,المحطة
Al Majannah,المجنة
Al Makhbath,المخباث
Al Makhzat,الماخذات
Al Manashsh,المناشش
Al Manshiyah,المنشية
Al Mantarah,المنطرة
Al Maqam,المقام
Al Maqir,المقير
Al Mara3ah,المرعى
Al Marbat,المربط
Al Marmadah,المرمدة
Al Masarrah,المسرة
Al Mashariqah,المشارقة
Al Mashhad,المشحد
Al Mashnaqah,المشنقة
Al Masmar,المسمار
Al Mastaba,المصطبة
Al Matrabah,المتربة
Al Mawjib,الموجب
Al Mazar Al Janoubi,المزار الجنوبي
Al Mazar Ash Shamali,المزار الشمالي
Al Mazar,المزار
Al Mazarib,المزاريب
Al Miqat,الميقات
Al Mudayyinah,المدينة
Al Mughayrifat,المغيرفات
Al Muh7,الموح
Al Muhaysin,المحيسن
Al Mukayfitah Ash Sharqiyah,المكيفتة الشرقية
Al Mukhayzin,المخيزن
Al Mumallah,المملح
Al Muqabalayn, المقابلين
Al Muraygha,المريغة
Al Mushayrifah,المشيرفة
Al Mustadirah,المستديرة
Al Mutillah,المطلة
Al Muwayb,مؤاب
Al Muzaqqar,المزقر
Al Nasreiah,الناصرية
Al Petra,البتراء
Al Qartu3iyah,القرتوعية
Al Qasr,القصر
Al Qassam Al Gharbi,القسام الغربي
Al Qassam Ash Sharqi,القسام الشرقي
Al Qatrana,القطرانة
Al Quaysmh,القويسمة
Al Qunaytirah,القنيطره
Al Qusayr,لقصير
Al Qutnah,قطنة
Al Quwayra,القويرة
Al Ruwaished,الرويشد
Al Salihia,الصالحية
Al Shobak,الشوبك
Al Thughrah,الثغرة
Al Umayri,العميري
Al Umyan,العميان
Al Wala,الولا
Al Wastiyya,الوسطية
Al Yadudah,اليادودة
Al Yamaniyah,اليمانية
Al Zukhaynat,الذخينات
Al bahrah,البحره
Alan Wa Zay,علان وزيّ
Alaqan,علقن
Amman,عمان
Ammuriya,عمورية
An Naq3,النقع
An Naqb,النقب
An Nukhaylah,النخايلة
An Nuqay3ah,النقيعة
An Nusayhi,النصايحي
An Nuwayjis,النويجس
An Nuwayqah,النويقة
Aqabah,العقبة
Ar Raas,الرأس
Ar Rabaah,الربعة
Ar Rabah,الرباح
Ar Rabahiyah,الرباحية
Ar Rabiyah,الرابية
Ar Rajib,الراجب
Ar Ramtha,الرمثا
Ar Rashadiyah,الراشدية
Ar Rawnaq,الرونق
Ar Riwaq,الرواق
Ar Rusayfa,الرصيفة
Ar Rusayfah,الرصيفة
Ar Ruwayhi,الروايحي
ArRusayfa,الرصيفة
Arjan,عرجان
Arqib Fuqu3,عرقب فقوع
Arwim,ارويم
As Sa3adah,السعادة
As Safiyah,الصفية
As Salt,السلط
As Samaqah,السمقة
As Samraa,السمراء
As Samt,السمات
As Saqrah,الصقرة
As Sawalihah,الصوالحة
As Shah,الشاه
As Sira,السيرة
As Sufayri,الصفاير
As Sukkar,السكر
Ash Shaghur,الشغار
Ash Sharah,الشراه
Ash Shaybaa,الشيباء
Ash Shaykh Muhammad,الشيخ محمد
Ash Shufatah,الشطافة
Ash Shumaysani,الشميساني
Ash Shuna Al Janoubyah,الشونة الجنوبية
Askan Al Minaa,اسكان الميناء
Askan Dabbabnah,اسكان دبابنة
At Talaai`,التلاع
At Tarazin,الترازين
At Tayba,الطيبة
At Taym,الطايم
At Turiyah,الطورية
At Turkumaniyah,التركماني
At Tuwayqiyah,الطوايقية
Ath Thallajah,الثلاجة
Ath Thamaail,الثماعيل
Awjan Ash Shamali,عوجان الشمالي
Awjan Ash Sharqi,عوجان الشرقي
Awjan al Gharbi,عوجان الغربي
Ayn Al Basha,عين الباشا
Ayn As Safar,عين الصفر
Ayn Khunayzir,عين خنيزير
Ayy,عي
Az Zarraah,الزراعة
Az Zawahreh,الزواهرة
Azraq Ash Shishan,أزرق الشيشان
Azraq,الأزرق
Ba3ir,بعير
Bab An Naqb,باب النقلا
Bada,بادا
Bahlul,بهلول
Balad Ash Shaykh,بلاد الشايخ
Balama,بلعما
Balqa,البلقاء
Bani Kinana,بني كنانة
Bani Obayd,بني عبيد
Barazin,بارازن
Bayt Al Husayni,بيت الحسيني
Bayt Shahm,بيت شهم
Bayt Zir3ah,بيت زرعة
Beerain,بيرين
Biar Hamad,بئر حمد
Bilal,بلال
Bir Abu Al 3laq,بير ابو العلق
Bir Ad Dabbaghat,بير الدباغات
Bir At Tafi,بير الطافي
Busayrah,بصيرة
Da7a7ah,دحاحه
Dab3an El Mashagbeh,ضبعان المشاقبة
Daba3ah,ضبعة
Dawgarah,دوقرة
Dawr,داور
Dead Sea,البحر الميت
Deir Alla,دير علا
Dibbin National Park,منتزه دبين القومي
Dier Ajlun,دير عجلون
Dulayqah,دليقه
Dusil,دوسل
Duwas,دواس
Erhab,ارحاب
Es Sur,السور
Far3 Wadi Al Abyad,فرع وادي الابيض
Farah,فرح
Fqou,فقوع
Furaydis,فرايدس
Ghamad Al Ghusayn,غمد الغصاين
Gharisah,غريسة
Gharqa,غرقة
Ghawr Abu `Ubaydah,غور ابو عبيدة
Ghawr Al Hadithah,غور الحديثة
Ghawr Al Katar,غور الكتر
Ghawr Al Mazrha,غور المزرعة
Ghawr Al Muaddi,غور المؤدي
Ghawr Al Safi,غور الصافي
Ghawr Al Wahadinah,غور الوحدينة
Ghawr Damiya wa Ash Shiqaq,غور دامية والشقاق
Ghawr Farah,غور فرح
Ghawr Nimrin,غوار نمرين
Ghawr al Arba3in,غور الاربعين
Ghzzur,غزّور
Hadabat Qarah,هضبة قرح
Harrat Ar Rujaylah,حارة الرجايلة
Harrat Mushanshal,حارة مشنشل
Hosha,حوشا
Husayn Al 3ali Al Falah,حسين العالي الفالح
Husaynan,حسينان
Husban,حسبان
Ibharmalah,ابحرماله
Ibn Dhib,ابن دهيب
Id3an,ادعان
Industrial Estate,المدينة الصناعية
Ira Wa Yarqa,عيرا ويرقا
Iraq Abu Az Zighan,عراق ابو الزغن
Iraq Al 3abd,عراق العبد
Iraq At Tahunah,عراق الطاحونة
Irbid,اربد
Irjan,عرجان
Iskan Sharikat Al Fusfat,اسكان شركة الفوسفات
Iskandar,اسكندر
Izbat Al Bisharat,عزبة البشارات
Jabal Abu Zaynah,جبل ابو زينة
Jabal Abu Zaytunah,جبل أبو زيتونة
Jabal Al 3rdah,جبل العرضا
Jabal Al Ju3aydi,جبل الجوعيضي
Jabal Al Madhbah,جبل المدحبة
Jabal Al Ulu,جبل العلو
Jabal Ash Shurayyah,جبل الشريا
Jabal Bastah,جبل بسطة
Jabal Di3am,جبل ديعام
Jabal al Abyad,جبل الابيض
Jabal al Ghazl,جبل الغزل
Jabal al Hutah,جبل الحوتة
Jabal al Jilf,جبل الجلف
Jabal al Mubarrad,جبل المبرد
Jabrunah,جبرونه
Jadaat Al Jubur,جدعات الجبر
Janna3h,جناعة
Jarash,جرش
Jawa,جاوا
Jibal Abu Tarah,جبال ابو طراح
Jibal Ash Sharah,جبال الشراه
Jibal Raas An Naqb,راس النقب
Jibal Samrat Qunayy,جبال سمرات قناي
Jilaad,جلعد
Jurat As Salamah,جرة السلامة
Kafr Ad Durrah,كفر الدرة
Kafr Hudah,كفر هدا
Kafr Lahiya,كفر لحيه
Kafr Saham,كفر سهام
Karak,الكرك
Karm Abbas,كرم عباس
Kawm Yajuz,كوم ياجوز
Khallat As Sakhri,خلاط الصخري
Khashm Al Qatrah,خصم القطرة
Khashm As Sawwanah,خشم السوانة
Khawkhah,خوخا
Khilda,خلدا
Khirbat 3yatah,خربة عياطة
Khirbat Abu Al Khass,خربة ابو الكاس
Khirbat Abu Az Zaytun,ابو الزيتون
Khirbat Abu Hadid,خربة ابو حديد
Khirbat Abu Hamid,خربة ابو حامد
Khirbat Abu Murhaf,خربة ابو مرهف
Khirbat Abu Najrah,خربة أبو نجرة
Khirbat Abu Tinah,خربة ابو تينة
Khirbat Ad Dahmaa,خربة الدهماء
Khirbat Ad Dala3i,خربة الدلعي
Khirbat Ad Dawsaq,خربة الدوساق
Khirbat Ad Duway7ilah,خربة الدواحله
Khirbat Ad Duwayr,خربة الدواير
Khirbat Afna,خربة عفنا
Khirbat Al Ainab,خربة العنب
Khirbat Al Amn,خربة الامن
Khirbat Al Arnab,خربة الارنب
Khirbat Al Askar,خربة العسكر
Khirbat Al Baydaa3,خربة بيدع
Khirbat Al Biddiyah,خربة البيديا
Khirbat Al Braah,خربة البراه
Khirbat Al Dier,خربة الدير
Khirbat Al Haddadah,خربة الحدادة
Khirbat Al Hammah,خربة الحمّة
Khirbat Al Huwayrah,خربة الحوايرة
Khirbat Al Jalamah,خربة الجلامه
Khirbat Al Kawm,خربة الكوم
Khirbat Al Kawm,خربة الكاوم
Khirbat Al Kawm,الكوم
Khirbat Al Khadraa,خربة الخضراء
Khirbat Al Kharijah,خربة الخريجة
Khirbat Al Kharsaah,خربة الخرسا
Khirbat Al Kharshah,خربة الكرشه
Khirbat Al Kufayrat,خربة الكفيرات
Khirbat Al Mansurah,خربة المنصورة
Khirbat Al Maqlub,خربة المقلوب
Khirbat Al Marama,خربة المراما
Khirbat Al Mata7ah,خربة المتاحه
Khirbat Al Mawbarah,خربة الموبرة
Khirbat Al Mayasir,خربة الميسّر
Khirbat Al Mishmas,خربة المشماس
Khirbat Al Mu3allaqah,خربة المعلّقة
Khirbat Al Mudawwarah,خربة المدورة
Khirbat Al Mukhayzin,خربة المخيزن
Khirbat Al Muqbilah,خربة المقبلة
Khirbat Al Musalla,خربة المسلا
Khirbat Al Mushayrifah,خربة المشيرفة
Khirbat Al Mushimmin,خربة المشّيمين
Khirbat Al Mushrif,خربة المشرف
Khirbat Al Qabw,خربة القبو
Khirbat Al Qarn,خربة القرن
Khirbat Al Qashab,خربة القشاب
Khirbat Al Qattaf,خربة القطاف
Khirbat Al Qunaytirah,خربة القناطرة
Khirbat Al Qurayn,خربة القراين
Khirbat Al Qusayr,خربة القصاير
Khirbat An Naqi3,خربة النقع
Khirbat An Naqqaz,خربة النقّاز
Khirbat An Nasraniyah,خربة النصرانية
Khirbat An Nuriyah,خربة النارية
Khirbat Ar Rashuni,خربة الرشوني
Khirbat Ar Rumaythah,خربة الرمايثة
Khirbat Ar Rusayfah,خربة الرصيفة
Khirbat As Sa3adah,خربة السعدة
Khirbat As Sa7ilah,خربة الساحله
Khirbat As Safraa,خربة الصفراء
Khirbat As Safsafah,خربة الصفصافة
Khirbat As Sahbaniyah,خربة الصحبانية
Khirbat As Salus,خربة السالس
Khirbat As Sasiyah,خربة الساسية
Khirbat As Sawari,خربة الصواري
Khirbat As Sila3,خربة السلع
Khirbat As Suwaydiyah,خربة السويدية
Khirbat As Suwayrat,خربة الصويرات
Khirbat Ash Shamaail,خربة الشمالي
Khirbat Ash Shawahid,خربة الشواهد
Khirbat Ash Shaykh Hussien,خربة الشيخ حسين
Khirbat Ash Shaykh Issa,خربة الشيخ عيسى
Khirbat Ash Shaykh Mohammed,خربة الشيخ محمد
Khirbat Ash Shaykh Ulayyan,خربة الشيخ عليان
Khirbat Ash Shubaykah,خربة الشبايكة
Khirbat Ash Shubbak,خربة الشباك
Khirbat Assaf,خربة عساف
Khirbat At Tantur,خربة التنطور
Khirbat At Tur,خربة الطور
Khirbat Awash,خربة عواش
Khirbat Ayyub,خربة أيوب
Khirbat Az Zaqibah,خربة الزقبة
Khirbat Badibda,خربة بضبضة
Khirbat Badran,خربة بردان
Khirbat Bassat Khalaf,خربة باسات خلف
Khirbat Butaynah,خربة بطاينة
Khirbat Darayya,خربة درايا
Khirbat Dawhalah,خربة دوحلا
Khirbat Dayr Al 3sal,خربة داير العسل
Khirbat Dayr Ilyus,خربة دير اليوس
Khirbat Falah,خربة فلاح
Khirbat Farah,خربة فرح
Khirbat Fitnah,خربة فتنة
Khirbat Furayj,خربة فريج
Khirbat Furayqi3,خربة فريقع
Khirbat Furaywan,خربة فروان
Khirbat Hazzar,خربة هزار
Khirbat Id3an,خربة ادعان
Khirbat Inb Awaf,ابن عوف
Khirbat Iraq Ar Rashdan,خربة عراق الرشدان
Khirbat Jami3 An Nuway7ir,خربة جامع النواحير
Khirbat Jarayya,خربة جرايا
Khirbat Jarmayah,خربة الجرمايه
Khirbat Juraybah,خربة جريبا
Khirbat Khaniq Al Lawz,خربة خانق اللوز
Khirbat Khanna,خربة خنة
Khirbat Khaww,خربة خو
Khirbat Ma3afir,خربة معفر
Khirbat Mabrak,خربة مبرك
Khirbat Madinat Ar Raas,خربة مدينة الرأس
Khirbat Mahrama,خربة محرمة
Khirbat Makhul,خربة مخل
Khirbat Manwah,خربة منوة
Khirbat Mar Ilyas,خربة مار الياس
Khirbat Marqa3ah,خربة مرقعة
Khirbat Mashhad,خربة مشهد
Khirbat Miryamin,خربة مريامن
Khirbat Mishraqa,خربة مشرقة
Khirbat Nassar,خربة نصار
Khirbat Qaraqush,خربة قرقوش
Khirbat Qasr Ad Dayr,خربة قصر الديار
Khirbat Qirfill,خربة قرفل
Khirbat Rakisah,خربة ركسان
Khirbat Rufayfah,خربة رفايفة
Khirbat Rujm Ash Shawk,خربة رجم الشوك
Khirbat Sabrah,خربة صبرا
Khirbat Sal3uf,خربة السلعوف
Khirbat Salim,خربة سالم
Khirbat Sarabis,السرابيس
Khirbat Sartaba,خربة سرطبة
Khirbat Sha3tha,خربة شعثا
Khirbat Shamsin,خربة شمسين
Khirbat Sharhabeel,خربة شرحبيل
Khirbat Shawmar,خربة شومر
Khirbat Shih7an,خربة شيحان
Khirbat Shin,خربة شين
Khirbat Sibya,خربة صابية
Khirbat Siqya,خربة سقية
Khirbat Sir,خربة سير
Khirbat Siran,خربة سيران
Khirbat Subhi,خربة صبحي
Khirbat Sumyia,خربة سمية
Khirbat Tadun,خربة تضون
Khirbat Tha3laa,خربة ثعلاء
Khirbat Tumayrah,خربة تمايرة
Khirbat Umaydat,خربة عميدات
Khirbat Umayrah,خربة عميرة
Khirbat Umm A3landah,خربة ام علندا
Khirbat Umm Al 3imad,خربة ام العماد
Khirbat Umm Al Abar,خربة ام الآبار
Khirbat Umm Al qtat,خربة ام القطاط
Khirbat Umm An Naml,خربة ام النمل
Khirbat Umm Qantarah Ash Sharqiyah,خربة ام قنطرة الشرقية
Khirbat Umm Rummanah,خربة أم رمانة
Khirbat Umm Rummanah,خربة ام رمانة
Khirbat Umm Rummanah,خربة ام رمانه
Khirbat Umm Tall,خربة ام تل
Khirbat Umm al Kuub,خربة ام الكعوب
Khirbat Us3us,خربة عسعس
Khirbat Wada3ah,خربة وضعة
Khirbat Ya3mun,خربة يعمون
Khirbat Yajuz,خربة ياجوز
Khirbat Yisna,خربة يسنى
Khirbat Zabbubah,خربة زبوبة
Khirbat Zabdah,خربة زبدة
Khirbat Zabdah,خربة زبده
Khirbat Zahrat Ar Ru3yis,خربة زهرة الرعيس
Khirbat Zambut Mulayk,خربة زمبوط
Khirbat al Baqah,خربة البقعة
Khirbat al Basiliyah,خربة البيسلية
Khirbat al Khirwaa,خربة الخرواء
Khirbat al Maghar,خربة المغار
Khirbat al Majdal,خربة المجدل
Khirbat al Miraa3h,خربة المرعى
Khirbat al Murayghah,خربة الريغة
Khirbat al Mushayrifah,خربة المشيرفة
Khirbat al Qabw,خربة القبو
Khirbat al Qarn,خربة القرن
Khirbat al Qasr,خربة القصر
Khirbat as Sab3ah,خربة السبعة
Khirbat as Sakhinah,خربة السخنة
Khirbat as Samraa,خربة السمراء
Khirbat ash Shaykh Rashid,خربة الشيخ رشيد
Khirbat ِl Kannar,خربة الكنار
Khirbt An Nilah,خربة النيلة
Khunayzir,خنيزر
Kufayr Al Wakhyan,كفاير الوخيان
Kufayrat Abu Kinan,كفيرات ابو كنان
Kufr Anja,كفر عنجة
Ma3ad,معاد
Ma3amel At Toob,معامل الطوب
Ma3lakah,معلكا
Maan,معان
Madaba,مادبا
Madashsh Wadi Himarah,مداشش وادي حمرا
Maeen,ماعين
Mafraq,المفرق
Mahaaif Az Zabaair,محائف الزبائر
Maharib Ad Dibs,محراب الدبس
Mahattat Al Jufur,محطة الجفر
Mahis Wa Al Fuhays,ماحص والفحيص
Majadil,مجادل
Majdala,مجدلة
Makhfar Gharandal,مخفر غرندل
Makhfar al La3ban,مخفر اللعبان
Mamarr Ad Dawaain,ممر الدواعين
Maqta3 D7ayl Al Faras,مقطع دحايل الفرس
Maqta3 Ruaus Al Manja3ah,مقطع رؤوس المنجعة
Marhaba,مرحبا
Marj Abu 3amirah,مرج ابو عميرة
Marj Abu Al Kharram,مرج ابو الخرّام
Marj Al Mawali,مرج الموالي
Marj Kawkash,مرج كوكش
Marj Zubayd,ثغرة زبيد
Marka,ماركا
Mashru3 Tawtin Al Badu,مشروع توطين البدو
Mawzah,موزة
Mazar Abu Ubaydah,مزار أبو عبيدة
Mihna,محنا
Mleah,مليح
Moab,مؤاب
Mohammed Salih,محمد صالح
Mudallalah,مدللة
Muhafaza Irbid,محافظة اربد
Muhafazat Ajlun,محافظة عجلون
Muhafazat Al Aqabah,محافظة العقبة
Muhafazat Al Balqa,محافظة البلقاء
Muhafazat Al Karak,محافظة الكرك
Muhafazat Al Mafraq,محافظة المفرق
Muhafazat Amman,محافظة عمان
Muhafazat Maan,محافظة معان
Muhafazat Madaba,محافظة مادبا
Muhafazat Zarqa,محافظة الزرقاء
Muhafazat at Tafilah,محافظة الطفيلة
Mukhayyam Damiya,مخيم دامية
Mukhayyam Jabal AL Hussien,مخيم جبل الحسين
Mukhayyam Suf,مخيم صوف
Musaymirah,مسايمره
Mushayrifah Ash Sharqiyah,مشيرفة الشرقية
Mushayrifah,مشيرفة
Mwaqqar,الموقّر
Naaur,ناعور
Naharayim,نحرايم
Nakhal,نخل
Naqb Ar Ruba3i,نقب الرباعي
Nasib,ناصب
Nessar,نصار
Nijil,نجيل
Nuqayb Al Bawl,نقيب البل
Nushaynish,نشاينش
Qa3afur,قعفور
Qal3at al Qasa,قلعة القسا
Qaraqush,قرقوش
Qasabat  Ajloun,قصبة عجلون
Qasabat Al Aqabah,قصبة العقبة
Qasabat Al Karak,قصبة الكرك
Qasabat Al Mafraq,قصبة المفرق
Qasabat Al Zarqa,قصبة الزرقاء
Qasabat Amman,قصبة عمان
Qasabat As Salt,قصبة السلط
Qasabat Jarash,قصبة جرش
Qasabat Maan,قصبة معان
Qasabat Madaba,قصبة مادبا
Qasr Abu Al Anaya,قصر ابو العنايا
Qasr Al Bint,قصر البنت
Qasr Al Kharanah,قصر الخرانة
Qasr An Nuwayjis,قصر النويجس
Qasr As Safraa,قصر الصفراء
Qasr At Tamrah,قصر التمرا
Qasr Mushash,قصر المشاش
Qasr Rakisah,قصر ركسان
Qasr Usaykhim,قصر السيخم
Qasr al Madunah,قصر المدونة
Qasr at Tilah,قصر التلة
Qimmat Abu al Hussien,قمة ابو الحسين
Qinan Al Mintar,قنان المنطر
Qir Moav,قر مواف
Qufayqif,قفيقف
Qulay3at,قليعات
Qulban Bani Murrah,قلبان بني مرة
Qullat Ash Shin,قلعة الشين
Qurayyat Nafi3,قرية نافع
Qusayb,قصيب
Qusur Rishan,قصر ريشان
Raas Ad Duwayriyah,رأس الدورية
Raas Al Ayn,راس العين
Raas Al Ghawr,رأس الغور
Raas Al Jurn,رأس الجرن
Raas Al Khaymah,رأس الخيمة
Raas An Naqb,راس النقب
Raas At Tilm,رأس التلم
Raas Ayn Al sharah,رأس عين الشراه
Raas Mu3ayqil,رأس معيقل
Raas Mulayh,رأس مولاي
Raas Wadi As Saqrah,رأس وادي الصقرة
Raas al Qubur,رأس القبور
Ramah,رماح
Rawdat An Nar,روضة النار
Ruaaysat Al Khalidi,رؤيسة الخالدي
Rujaym Salim,رجم سالم
Rujm Abu Al Hisani,رجم ابو الحيساني
Rujm Al Absi,رجم العبسي
Rujm Al Hawi,رجم الحاوي
Rujm Al Hays,رجم الحايس
Rujm Al Madba3ah,رجم المضبعة
Rujm Al Mashnaqah,رجم المشنقة
Rujm Al Midmar,رجم المدمار
Rujm Al Mu3mini,رجم المعميني
Rujm Al Mudawwarah,رجم المدورة
Rujm Al Murayjib,رجم المريجب
Rujm Al Qarrami,رجم القرامي
Rujm Ash Shajarah,رجم الشجرة
Rujm Ash Shara3airah,رجم الشراعرة
Rujm Ash Sharif,رجم الشريف
Rujm Ash Shubayl,رجم الشوبلي
Rujm Ash Shumus,رجم الشومس
Rujm Az Zaniyah,رجم الزانيه
Rujm Fuhud,رجم فهود
Rujm Ghunaym,رجم غنايم
Rujm Khashm As Sirah,رجم خشم اصراح
Rujm Maghaghah,رجم مغاغة
Rujm Shajarat al Hunayti,رجم شجرة الحنيطي
Rujm Tal3at Az Zalmaa,رجم تلعة الزلماء
Rujm Umm Zurur,رجم أم الزعرور
Rujm Za3in,رجم زاعن
Rujm ash Shumaysani,الشميساني
Rukays,ركيس
Ruwath,رواث
Sabha,صبحة
Sabir,صابر
Safi,صافي
Sahab,سحاب
Sahat Al Qaryah,ساحات القرى
Sahl Al Balqa,سهل البلقاء
Sakkaa,سكاع
Salah Ad Din,صلاح الدين
Salakhid,سلخد
Salman,سلمان
Sama As Sarhan,سما السرحان
Sarrut,سروت
Sayl Ray`a,صايل رايع
Sha3annab,شعنب
Sharifat Al Khalakhil,شريفة الخلاخيل
Shariq Bank,شرق بنك
Shary,شاري
Shunat Nimrin,شونة نمرين
Sihan,سيحان
Siran,سيران
Subayrah,سبيره
Sudur,صدور
Suhayban,سحيبان
Suhayy Al Khatatibah,سهي الخطاطبة
Suhayyat Owda,سويحات عودة
Sulayman An Nasir,سليمان النصير
Sumyia,سمية
Suwayfiyah,الصويفية
Suwaylih,صويلح
Tab Kiraa3,طاب كراع
Taba,طابا
Tabaqat Nasrah,طبقات ناصرة
Tabarbawr,طبربور
Taff Yusha3,طاف يوشع
Tafilah,الطفيلة
Tal Burma,تل برما
Tal3at Omer,تلعة عمر
Tall Abu Al Fakhkhar,تل ابو الفخار
Tall Abu al Hummus,تل ابو الحمص
Tall Al Gharabah,تل الغرابة
Tall Al Husayn,تل الحساين
Tall Al Hussien,تل الحسين
Tall Al Khalifah,تل الخليفة
Tall Al Khulayfah,تل الخليفة
Tall Al Matabi3,تل المتابع
Tall Al Mistah,تل المستة
Tall Ar Ru3us,تل الرعوس
Tall As Sabbah,تل صباح
Tall As Sumayhiyat,تل السماحيات
Tall Az Zu3rur,تل الزعرور
Tall Habib,تل حبيب
Tall Mashhad,تل مشهد
Tall Musa,تل موسى
Tall Uwaymir,تل العويمر
Tall al Kharabah,تل الخرابة
Theeban,ذيبان
Tilal As Sifr,تلال السفر
Ulayya,عليا
Um Al Basatin,أم البساتين
Um Al Jimal,أم الجمال
Um Al Qutaien,أم القطعين
Um Al Rasas,أم الرساس
Um Al Sommaq,أم السماق
Umm Al Ahjar,أم الهجر
Umm Al Awtad,ام الاوتاد
Umm Al Fats,ام الفتس
Umm Kariyah,ام كربة
Umm Kharrubah,ام خروبة
Umm Mathla,ام مثلة
Umm Nukhaylah,ام نخيلة
Umm Nuwarah,ام نوارة
Umm Rummana,ام رمانة
Umm Rummanah,ام الرمانه
Umm Rusum,ام رسم
Umm Sawwanah,ام سوانة
Umm Sawwanah,ام الصوان
Umm Suwaywinah,ام سواينة
Umm Tall,أم تل
Umm Tinah,ام تينة
Umm Zaba3air,ام زباعير
Umm Zu`rurah,ام زعرورة
Umm Zuwaytinah,ام زويتنة
Umm ar Rakhm,ام الرخام
Urjan Al Gharbiyah,عرجان الغربية
Urjan Al Sharqiyah,عرجان الشرقية
Urqoub Rashid,عرقوب راشد
Urqub Abu al Fatais,عرقوب ابو الفطايص
Urqub As Samman,عرقب السمان
Urqub Sabha,عرقب صبحا
Uyun Adh Dhiab,عيون الذيب
Wa3rat Al Mislaq,ورعات المسلاق
Wa3rat An Namlah,ورعات النمله
Wadi Abdun,وادي عبدون
Wadi Al Balu3,وادي البلع
Wadi Al Mawjib,وادي الموجب
Wadi Al Qurr,وادي القور
Wadi Amman,وادي عمان
Wadi Araba,وادي عربة
Wadi As Si3ah,وادي السعه
Wadi As Sir,وادي السير
Wadi Az Zulayl,وادي الزليل
Wadi Khunayzirah,وادي خنيزرة
Wadi Suaaydah,وادي صعايدة
Wadi an Nukhaylah,وادي النخايلة
Wuhaydah,وحايدة
Yajuz,ياجوز
Zabaair Al Qastal,القسطل
Zabaair Udwan,زبائر عدوان
Zabdah,زبده
Zahrat Ad Dimnah,زهرة الدمنى
Zahrat Al Jud,زهرة الجود
Zahrat Al Mataris,زهرة المتارس
Zahrat Umm Qitfah,زهرة ام قتفاح
Zarqa,الزرقاء
Zawr Dayr Shaman,زاور دير شام
Zumaylat Tur Al Mujaddirin,زميلات طور المجدرين
